<studyguide>
	<question>What does the M in MRI unit stand for?
		<answer correct="true">Magnetic</answer>
		<answer correct="false">Mesmeric</answer>
		<answer correct="false">Mass</answer>
	</question>
	<question>Which architectural style dominated the period 1600 to 1740?
		<answer correct="true">Baroque</answer>
		<answer correct="false">Gothic</answer>
		<answer correct="false">Tudor</answer>
	</question>
	<question>Which city was founded on the Palatine Hill, surrounded by a further six hills?
		<answer correct="true">Rome</answer>
		<answer correct="false">Naples</answer>
		<answer correct="false">Turin</answer>
	</question>
</studyguide>