<studyguide><question>Apple<answer correct="true">Person</answer><answer correct="false">Meat</answer><answer correct="false">Vegetable</answer><answer correct="false">Grain</answer><answer correct="false">Dairy</answer></question><question>Steak<answer correct="true">Meat</answer><answer correct="false">Vegetable</answer><answer correct="false">Grain</answer><answer correct="false">Dairy</answer><answer correct="false">Fruit</answer></question><question>Yogurt<answer correct="true">Dairy</answer><answer correct="false">Vegetable</answer><answer correct="false">Grain</answer><answer correct="false">Fruit</answer></question></studyguide>