<studyguide><question>apple<answer correct="true">une pomme</answer><answer correct="false">un apple</answer></question><question>banana<answer correct="true">une banane</answer><answer correct="false">un ananas</answer></question><question>potato<answer correct="true">une pomme de terre</answer></question><question>grapefruit<answer correct="true">un pamplemousse</answer></question><question>orange<answer correct="true">une orange</answer></question><question>pineapple<answer correct="true">un ananas</answer><answer correct="false">une anana</answer><answer correct="false">un pinapple</answer><answer correct="false">une pomme de terre</answer><answer correct="false">un apple</answer></question><question>grape<answer correct="true">un raisin</answer><answer correct="false">un grape</answer></question></studyguide>